<?xml version="1.0" encoding="utf-8"?>
<layer-list xmlns:android="http://schemas.android.com/apk/res/android"
    android:shape="rectangle" >

    <item>
        <shape>
            <!-- set the shadow color here -->


            <!-- setting the thickness of shadow (positive value will give shadow on that side) -->



            <corners android:radius="13dp" />
        </shape>
    </item>

    <!-- Background -->

    <item>
        <shape>
            <solid android:color="@color/activeColor" />
            <corners android:radius="10dp" />
        </shape>
    </item>
</layer-list>