<?xml version="1.0" encoding="utf-8"?>
<layer-list xmlns:android="http://schemas.android.com/apk/res/android">
    <item android:id="@android:id/background">
        <shape>
            <gradient
                android:angle="270.0"
                android:centerColor="#8b000000"
                android:centerY="1.0"
                android:endColor="#8b000000"
                android:startColor="#8b000000" />
        </shape>
    </item>
    <item android:id="@android:id/progress">
        <clip>
            <shape>
                <gradient
                    android:angle="270.0"
                    android:centerColor="@color/activeColor"
                    android:centerY="1.0"
                    android:endColor="#ffc1c1c7"
                    android:startColor="@color/activeColor" />
            </shape>
        </clip>
    </item>
</layer-list>